tag_string,category
warli festive canvas eco_friendly,Painting
bidri copper,Metalware
handmade basket festive bamboo,BambooCane
eco_friendly cane basket,BambooCane
handpainted_pot handmade intricate terracotta pot,Pottery
brass engraved_metal carved copper,Metalware
traditional eco_friendly leather_belt tooled_leather leather_bag,Leatherwork
pot terracotta glazed ceramic,Pottery
juti tooled_leather leather_bag,Leatherwork
ceramic colorful traditional festive pot,Pottery
dupatta embroidered block_print handwoven,Textile
pot terracotta traditional ceramic handpainted_pot,Pottery
pot ceramic terracotta eco_friendly,Pottery
dupatta handmade handwoven gift saree,Textile
eco_friendly carved lamp engraved_metal bidri handmade,Metalware
wooden_box teak carved,Woodwork
terracotta pot ceramic,Pottery
traditional copper gift brass handmade,Metalware
colorful gift miniature canvas pattachitra intricate,Painting
miniature warli canvas madhubani eco_friendly,Painting
intricate eco_friendly embroidered wool traditional silk,Textile
beadwork eco_friendly bangles filigree necklace,Jewelry
leather_belt leather_bag intricate,Leatherwork
teak carved sheesham eco_friendly gift,Woodwork
intricate beadwork silver earrings festive brass,Jewelry
engraved_metal brass silver copper,Metalware
beadwork earrings necklace,Jewelry
gift leather_belt tooled_leather,Leatherwork
teak carved sheesham wooden_box,Woodwork
handmade embroidered festive colorful wool,Textile
tooled_leather juti leather_bag,Leatherwork
carved sheesham teak,Woodwork
basket gift handmade cane bamboo bamboo_lamp,BambooCane
canvas miniature,Painting
beadwork brass festive necklace filigree handmade gift,Jewelry
copper carved intricate lamp engraved_metal,Metalware
eco_friendly gift embroidered block_print intricate handwoven,Textile
block_print handmade saree handwoven cotton colorful,Textile
basket bamboo bamboo_lamp festive handmade intricate,BambooCane
pot handpainted_pot terracotta ceramic,Pottery
cane basket bamboo,BambooCane
colorful wool block_print festive intricate,Textile
intricate colorful dupatta wool gift,Textile
canvas handmade colorful eco_friendly pattachitra miniature madhubani,Painting
bidri gift festive carved traditional,Metalware
miniature canvas pattachitra madhubani intricate,Painting
tooled_leather gift leather_belt eco_friendly festive,Leatherwork
madhubani warli pattachitra,Painting
gift tooled_leather leather_belt juti leather_bag,Leatherwork
colorful silk block_print embroidered saree festive,Textile
teak sheesham carved wooden_toy,Woodwork
colorful juti leather_belt tooled_leather leather_bag festive,Leatherwork
copper engraved_metal,Metalware
cane bamboo_lamp gift traditional bamboo basket,BambooCane
bamboo_lamp basket bamboo cane traditional gift,BambooCane
ceramic glazed terracotta festive,Pottery
bamboo_lamp basket festive bamboo handmade gift cane,BambooCane
canvas pattachitra,Painting
leather_bag handmade festive tooled_leather,Leatherwork
silver colorful earrings necklace brass intricate,Jewelry
silk intricate cotton block_print,Textile
embroidered silk handwoven,Textile
earrings necklace filigree,Jewelry
brass gift beadwork earrings,Jewelry
warli pattachitra handmade madhubani traditional intricate miniature,Painting
ceramic terracotta glazed pot intricate,Pottery
wooden_box gift wooden_toy sheesham intricate festive teak,Woodwork
cane bamboo_lamp basket,BambooCane
intricate basket bamboo colorful bamboo_lamp gift cane,BambooCane
wooden_box carved sheesham eco_friendly wooden_toy,Woodwork
handmade bangles gift brass traditional beadwork,Jewelry
traditional gift pot handpainted_pot eco_friendly terracotta,Pottery
tooled_leather juti eco_friendly intricate leather_belt leather_bag,Leatherwork
traditional gift handpainted_pot pot terracotta ceramic,Pottery
brass handmade bangles,Jewelry
colorful dupatta gift traditional cotton embroidered,Textile
lamp engraved_metal traditional gift,Metalware
handmade bidri copper lamp,Metalware
bamboo gift cane festive,BambooCane
sheesham carved wooden_box,Woodwork
festive gift tooled_leather intricate juti,Leatherwork
intricate festive leather_bag juti leather_belt,Leatherwork
wooden_box sheesham,Woodwork
traditional bangles earrings,Jewelry
juti tooled_leather leather_belt gift,Leatherwork
basket bamboo,BambooCane
earrings gift traditional intricate beadwork,Jewelry
intricate silver bidri carved engraved_metal gift,Metalware
juti leather_bag intricate eco_friendly festive,Leatherwork
intricate colorful carved brass bidri,Metalware
cane festive basket bamboo_lamp handmade,BambooCane
colorful terracotta eco_friendly glazed pot intricate,Pottery
gift warli pattachitra,Painting
basket cane bamboo bamboo_lamp,BambooCane
traditional gift leather_belt leather_bag,Leatherwork
madhubani gift warli,Painting
brass engraved_metal,Metalware
brass silver engraved_metal,Metalware
intricate silver earrings eco_friendly necklace brass colorful,Jewelry
gift eco_friendly ceramic pot,Pottery
canvas madhubani pattachitra festive,Painting
bamboo_lamp basket festive cane bamboo gift eco_friendly,BambooCane
traditional festive beadwork bangles handmade filigree,Jewelry
silver brass necklace,Jewelry
earrings beadwork necklace intricate bangles,Jewelry
bamboo_lamp cane basket bamboo,BambooCane
eco_friendly copper carved handmade,Metalware
brass handmade filigree traditional festive bangles,Jewelry
festive juti leather_belt leather_bag tooled_leather,Leatherwork
necklace gift filigree brass earrings festive,Jewelry
wooden_toy sheesham wooden_box teak,Woodwork
glazed eco_friendly ceramic,Pottery
colorful teak carved sheesham,Woodwork
glazed pot terracotta gift ceramic,Pottery
bangles necklace brass,Jewelry
intricate traditional colorful leather_belt tooled_leather,Leatherwork
terracotta pot handpainted_pot glazed,Pottery
leather_belt tooled_leather leather_bag juti,Leatherwork
terracotta pot eco_friendly ceramic handpainted_pot,Pottery
eco_friendly handmade festive ceramic pot,Pottery
juti leather_belt tooled_leather,Leatherwork
beadwork filigree necklace silver,Jewelry
terracotta handpainted_pot,Pottery
gift wool embroidered block_print intricate handwoven,Textile
intricate traditional juti leather_belt leather_bag,Leatherwork
cane bamboo_lamp traditional,BambooCane
festive traditional juti leather_belt tooled_leather leather_bag eco_friendly,Leatherwork
colorful necklace gift eco_friendly filigree,Jewelry
bamboo basket bamboo_lamp cane eco_friendly,BambooCane
lamp colorful silver festive eco_friendly,Metalware
copper silver engraved_metal,Metalware
intricate leather_belt leather_bag tooled_leather juti,Leatherwork
silver engraved_metal copper lamp,Metalware
glazed festive gift terracotta handmade ceramic handpainted_pot,Pottery
basket cane,BambooCane
terracotta handpainted_pot pot handmade eco_friendly glazed,Pottery
colorful festive block_print dupatta handwoven,Textile
pot ceramic,Pottery
basket eco_friendly traditional bamboo_lamp bamboo colorful,BambooCane
intricate festive dupatta colorful cotton,Textile
dupatta wool,Textile
leather_bag colorful tooled_leather leather_belt,Leatherwork
beadwork brass,Jewelry
cane intricate basket bamboo_lamp handmade colorful bamboo,BambooCane
glazed terracotta ceramic,Pottery
intricate pot terracotta ceramic handpainted_pot festive,Pottery
glazed ceramic terracotta,Pottery
traditional juti intricate leather_bag tooled_leather,Leatherwork
gift handpainted_pot glazed intricate,Pottery
intricate bangles beadwork festive earrings handmade,Jewelry
colorful intricate gift pattachitra madhubani miniature,Painting
cotton handwoven silk dupatta,Textile
traditional juti gift leather_belt intricate,Leatherwork
pattachitra handmade miniature madhubani canvas,Painting
handmade miniature canvas eco_friendly colorful,Painting
beadwork colorful bangles eco_friendly earrings,Jewelry
cane basket festive gift bamboo_lamp bamboo,BambooCane
silver engraved_metal traditional bidri carved,Metalware
traditional necklace filigree festive,Jewelry
cotton block_print saree embroidered,Textile
tooled_leather eco_friendly juti,Leatherwork
brass bangles gift traditional earrings,Jewelry
dupatta cotton embroidered saree,Textile
colorful traditional glazed terracotta intricate ceramic,Pottery
juti tooled_leather leather_bag leather_belt,Leatherwork
silk intricate wool traditional cotton embroidered colorful,Textile
ceramic handmade terracotta glazed gift,Pottery
copper engraved_metal lamp,Metalware
leather_bag juti tooled_leather intricate,Leatherwork
basket cane bamboo bamboo_lamp,BambooCane
festive embroidered saree,Textile
engraved_metal brass,Metalware
wool embroidered saree,Textile
basket bamboo_lamp cane,BambooCane
wooden_box teak carved wooden_toy,Woodwork
bamboo_lamp cane,BambooCane
beadwork bangles eco_friendly silver,Jewelry
tooled_leather leather_belt,Leatherwork
colorful pattachitra miniature traditional,Painting
pattachitra warli miniature handmade,Painting
cotton silk embroidered saree eco_friendly,Textile
tooled_leather juti leather_bag,Leatherwork
handmade terracotta gift handpainted_pot pot intricate,Pottery
handpainted_pot handmade glazed gift terracotta,Pottery
handmade brass gift copper bidri carved festive,Metalware
lamp copper bidri,Metalware
pot terracotta eco_friendly glazed,Pottery
festive wool gift dupatta traditional cotton,Textile
copper carved lamp traditional engraved_metal,Metalware
eco_friendly gift silver carved festive engraved_metal brass,Metalware
traditional cane eco_friendly basket bamboo_lamp,BambooCane
embroidered silk handmade traditional saree,Textile
colorful leather_belt gift juti eco_friendly,Leatherwork
colorful canvas warli pattachitra madhubani festive,Painting
bamboo bamboo_lamp,BambooCane
carved wooden_toy colorful,Woodwork
madhubani traditional canvas,Painting
wool block_print intricate traditional handmade,Textile
leather_belt juti festive gift tooled_leather leather_bag,Leatherwork
glazed traditional pot ceramic terracotta handmade,Pottery
intricate pattachitra canvas,Painting
teak sheesham carved wooden_box,Woodwork
terracotta glazed,Pottery
bangles beadwork handmade silver intricate,Jewelry
intricate colorful juti leather_bag leather_belt,Leatherwork
eco_friendly juti leather_belt colorful tooled_leather leather_bag gift,Leatherwork
intricate block_print saree gift dupatta eco_friendly,Textile
bangles filigree beadwork traditional earrings colorful handmade,Jewelry
gift wooden_toy teak carved sheesham,Woodwork
bamboo basket handmade cane bamboo_lamp,BambooCane
handpainted_pot festive glazed gift pot,Pottery
brass gift necklace bangles earrings,Jewelry
bidri copper eco_friendly brass engraved_metal gift festive,Metalware
carved bidri festive,Metalware
tooled_leather leather_belt leather_bag,Leatherwork
warli canvas,Painting
bangles earrings,Jewelry
juti leather_bag tooled_leather leather_belt gift,Leatherwork
wooden_box teak carved festive,Woodwork
basket bamboo_lamp,BambooCane
juti leather_belt leather_bag,Leatherwork
wooden_toy carved colorful wooden_box sheesham,Woodwork
engraved_metal carved silver,Metalware
carved silver lamp festive bidri,Metalware
brass silver carved,Metalware
intricate glazed ceramic handpainted_pot,Pottery
bamboo_lamp basket traditional cane bamboo,BambooCane
terracotta handpainted_pot pot glazed,Pottery
warli canvas madhubani handmade gift colorful pattachitra,Painting
dupatta saree cotton silk,Textile
traditional wooden_toy teak wooden_box handmade festive sheesham,Woodwork
ceramic glazed,Pottery
intricate traditional embroidered block_print cotton colorful,Textile
handmade eco_friendly filigree gift earrings,Jewelry
gift carved intricate teak sheesham wooden_box festive,Woodwork
juti leather_belt tooled_leather,Leatherwork
intricate glazed handpainted_pot eco_friendly terracotta,Pottery
intricate traditional canvas madhubani,Painting
traditional tooled_leather leather_belt juti,Leatherwork
colorful sheesham wooden_toy teak,Woodwork
wooden_toy sheesham carved wooden_box,Woodwork
madhubani warli gift festive pattachitra miniature colorful,Painting
festive carved silver,Metalware
copper brass,Metalware
handwoven dupatta wool block_print traditional,Textile
terracotta handpainted_pot pot gift,Pottery
leather_belt gift tooled_leather leather_bag handmade,Leatherwork
carved wooden_toy wooden_box eco_friendly gift colorful sheesham,Woodwork
bamboo_lamp intricate cane colorful,BambooCane
ceramic handpainted_pot gift terracotta,Pottery
intricate leather_belt leather_bag juti tooled_leather,Leatherwork
leather_belt handmade juti,Leatherwork
silver copper,Metalware
eco_friendly intricate festive carved sheesham,Woodwork
pot ceramic colorful handpainted_pot,Pottery
brass handmade colorful engraved_metal eco_friendly,Metalware
festive sheesham wooden_box wooden_toy carved,Woodwork
intricate sheesham gift teak,Woodwork
sheesham carved,Woodwork
pot traditional ceramic,Pottery
basket bamboo bamboo_lamp cane,BambooCane
festive eco_friendly pattachitra gift miniature warli,Painting
pattachitra miniature festive,Painting
carved handmade traditional colorful wooden_box,Woodwork
handmade silver bangles necklace festive earrings,Jewelry
madhubani canvas pattachitra festive,Painting
festive silk block_print,Textile
madhubani warli pattachitra handmade,Painting
intricate ceramic pot,Pottery
intricate block_print eco_friendly silk dupatta traditional,Textile
traditional cane bamboo_lamp basket eco_friendly,BambooCane
colorful silver necklace intricate,Jewelry
necklace brass earrings filigree,Jewelry
warli miniature canvas pattachitra,Painting
handpainted_pot terracotta ceramic,Pottery
bamboo_lamp basket bamboo gift,BambooCane
engraved_metal bidri,Metalware
glazed traditional gift terracotta colorful pot,Pottery
wooden_toy teak sheesham,Woodwork
festive bangles brass colorful eco_friendly,Jewelry
traditional glazed ceramic handpainted_pot,Pottery
traditional intricate canvas gift pattachitra,Painting
bangles intricate filigree,Jewelry
miniature pattachitra canvas,Painting
embroidered festive block_print,Textile
wooden_toy sheesham handmade wooden_box,Woodwork
earrings brass,Jewelry
traditional bamboo colorful gift bamboo_lamp cane basket,BambooCane
intricate gift basket colorful bamboo_lamp,BambooCane
ceramic terracotta,Pottery
tooled_leather juti leather_bag,Leatherwork
intricate glazed ceramic terracotta festive,Pottery
handwoven cotton,Textile
sheesham gift intricate wooden_box teak colorful wooden_toy,Woodwork
glazed pot terracotta,Pottery
festive terracotta handpainted_pot intricate handmade ceramic,Pottery
juti colorful eco_friendly tooled_leather,Leatherwork
glazed terracotta pot,Pottery
intricate colorful bamboo eco_friendly cane,BambooCane
wooden_box carved wooden_toy teak eco_friendly,Woodwork
eco_friendly bidri brass gift,Metalware
warli gift pattachitra traditional canvas madhubani eco_friendly,Painting
miniature pattachitra gift warli eco_friendly,Painting
terracotta glazed,Pottery
brass silver necklace filigree,Jewelry
leather_belt leather_bag tooled_leather juti,Leatherwork
colorful handmade pattachitra traditional warli miniature madhubani,Painting
gift juti traditional tooled_leather,Leatherwork
handpainted_pot pot terracotta,Pottery
teak carved sheesham festive,Woodwork
handmade traditional warli canvas madhubani,Painting
intricate traditional wooden_toy carved gift sheesham,Woodwork
wooden_toy gift wooden_box colorful intricate carved,Woodwork
basket cane,BambooCane
carved intricate brass engraved_metal,Metalware
saree dupatta wool,Textile
sheesham carved handmade wooden_box festive,Woodwork
festive traditional madhubani miniature canvas pattachitra intricate,Painting
ceramic pot glazed,Pottery
gift glazed terracotta traditional eco_friendly,Pottery
bamboo basket,BambooCane
leather_belt tooled_leather leather_bag juti,Leatherwork
colorful gift handpainted_pot pot,Pottery
wooden_box sheesham traditional,Woodwork
handmade filigree silver gift necklace bangles,Jewelry
teak wooden_toy carved intricate festive sheesham,Woodwork
miniature pattachitra gift madhubani eco_friendly colorful warli,Painting
sheesham wooden_box teak,Woodwork
filigree festive brass bangles,Jewelry
carved wooden_box sheesham,Woodwork
juti eco_friendly intricate tooled_leather traditional leather_belt leather_bag,Leatherwork
intricate colorful eco_friendly filigree beadwork earrings bangles,Jewelry
festive dupatta block_print traditional,Textile
sheesham carved,Woodwork
traditional brass copper bidri,Metalware
earrings eco_friendly beadwork bangles brass festive,Jewelry
colorful lamp engraved_metal,Metalware
wooden_box wooden_toy sheesham,Woodwork
festive eco_friendly intricate silver bangles,Jewelry
colorful cane bamboo_lamp basket,BambooCane
colorful teak wooden_box,Woodwork
gift saree block_print intricate,Textile
embroidered dupatta silk wool festive,Textile
glazed handpainted_pot ceramic festive,Pottery
intricate colorful eco_friendly lamp bidri engraved_metal copper,Metalware
festive teak handmade sheesham wooden_box eco_friendly,Woodwork
sheesham traditional gift teak wooden_box,Woodwork
brass handmade necklace festive traditional,Jewelry
lamp eco_friendly traditional brass,Metalware
cane basket eco_friendly bamboo_lamp bamboo,BambooCane
bamboo_lamp basket,BambooCane
ceramic terracotta pot glazed intricate traditional festive,Pottery
handwoven gift silk intricate,Textile
sheesham carved wooden_toy,Woodwork
necklace beadwork bangles colorful,Jewelry
bamboo basket cane,BambooCane
bamboo_lamp bamboo intricate basket,BambooCane
necklace silver,Jewelry
handmade leather_belt gift tooled_leather juti,Leatherwork
carved traditional sheesham teak wooden_box eco_friendly,Woodwork
warli madhubani,Painting
filigree beadwork festive earrings bangles colorful intricate,Jewelry
cane basket traditional bamboo_lamp,BambooCane
pattachitra madhubani,Painting
pot glazed terracotta ceramic,Pottery
dupatta eco_friendly block_print embroidered,Textile
gift tooled_leather juti leather_belt handmade leather_bag,Leatherwork
cane handmade bamboo intricate,BambooCane
bidri traditional eco_friendly intricate brass copper lamp,Metalware
handwoven cotton silk festive,Textile
cotton saree intricate dupatta embroidered,Textile
glazed colorful pot,Pottery
canvas pattachitra colorful warli,Painting
ceramic glazed,Pottery
dupatta block_print colorful,Textile
carved eco_friendly festive sheesham wooden_toy,Woodwork
block_print cotton dupatta,Textile
basket bamboo_lamp festive handmade bamboo,BambooCane
bamboo_lamp basket eco_friendly cane traditional,BambooCane
wooden_toy sheesham,Woodwork
intricate wooden_box sheesham traditional handmade,Woodwork
gift wooden_toy carved sheesham eco_friendly teak colorful,Woodwork
wooden_toy intricate wooden_box,Woodwork
bamboo cane intricate,BambooCane
brass bidri silver engraved_metal festive,Metalware
pattachitra traditional canvas eco_friendly,Painting
silk cotton,Textile
colorful eco_friendly brass handmade copper silver bidri,Metalware
leather_bag colorful tooled_leather,Leatherwork
wooden_box teak traditional sheesham carved,Woodwork
leather_belt juti gift colorful,Leatherwork
festive traditional carved eco_friendly wooden_toy,Woodwork
filigree festive intricate beadwork bangles gift brass,Jewelry
traditional madhubani pattachitra canvas,Painting
bidri lamp gift copper,Metalware
bangles earrings traditional brass festive necklace,Jewelry
basket cane bamboo bamboo_lamp colorful,BambooCane
bangles filigree,Jewelry
copper engraved_metal festive handmade,Metalware
gift leather_belt festive tooled_leather,Leatherwork
tooled_leather juti,Leatherwork
teak wooden_toy,Woodwork
bidri brass eco_friendly festive engraved_metal handmade,Metalware
eco_friendly canvas madhubani pattachitra miniature,Painting
bidri engraved_metal colorful,Metalware
tooled_leather colorful traditional leather_belt intricate juti,Leatherwork
wooden_toy handmade teak,Woodwork
handmade necklace gift brass bangles,Jewelry
cane bamboo basket bamboo_lamp,BambooCane
miniature traditional pattachitra,Painting
traditional colorful handpainted_pot glazed terracotta eco_friendly,Pottery
terracotta ceramic glazed handpainted_pot,Pottery
basket cane bamboo bamboo_lamp,BambooCane
leather_bag tooled_leather gift,Leatherwork
carved brass traditional intricate bidri,Metalware
handmade block_print wool saree embroidered gift,Textile
miniature warli canvas pattachitra traditional,Painting
brass beadwork traditional earrings,Jewelry
ceramic terracotta handpainted_pot gift,Pottery
handwoven silk gift intricate cotton,Textile
traditional earrings colorful filigree handmade,Jewelry
engraved_metal brass intricate,Metalware
basket bamboo bamboo_lamp,BambooCane
basket gift bamboo,BambooCane
festive gift juti traditional leather_bag tooled_leather,Leatherwork
eco_friendly glazed handpainted_pot,Pottery
embroidered intricate colorful cotton gift silk,Textile
bamboo_lamp bamboo festive handmade intricate cane,BambooCane
festive eco_friendly glazed pot handmade,Pottery
tooled_leather juti leather_belt,Leatherwork
handwoven block_print silk,Textile
handmade lamp engraved_metal silver colorful eco_friendly,Metalware
cane bamboo,BambooCane
canvas gift pattachitra warli intricate,Painting
leather_bag juti festive,Leatherwork
leather_bag leather_belt gift tooled_leather juti,Leatherwork
basket cane gift,BambooCane
warli canvas madhubani handmade pattachitra traditional gift,Painting
leather_bag tooled_leather colorful juti,Leatherwork
necklace silver gift beadwork earrings,Jewelry
bidri brass lamp,Metalware
colorful carved festive eco_friendly wooden_box,Woodwork
traditional teak festive carved eco_friendly sheesham,Woodwork
dupatta wool block_print,Textile
warli madhubani,Painting
glazed terracotta handmade pot ceramic,Pottery
carved lamp,Metalware
handmade leather_bag colorful juti tooled_leather gift,Leatherwork
bangles earrings festive colorful,Jewelry
pot ceramic,Pottery
necklace filigree silver eco_friendly,Jewelry
beadwork filigree necklace festive,Jewelry
madhubani eco_friendly miniature,Painting
engraved_metal silver festive gift lamp brass traditional,Metalware
juti leather_bag leather_belt tooled_leather handmade,Leatherwork
festive sheesham handmade carved intricate teak,Woodwork
bamboo_lamp eco_friendly bamboo basket traditional,BambooCane
wooden_box wooden_toy,Woodwork
engraved_metal carved eco_friendly colorful handmade,Metalware
copper colorful brass intricate bidri traditional,Metalware
leather_belt leather_bag juti eco_friendly colorful gift tooled_leather,Leatherwork
wooden_box wooden_toy sheesham,Woodwork
pattachitra canvas,Painting
leather_belt handmade leather_bag juti tooled_leather,Leatherwork
wooden_box colorful wooden_toy gift sheesham eco_friendly carved,Woodwork
festive wooden_toy handmade sheesham wooden_box,Woodwork
gift wooden_toy wooden_box festive,Woodwork
festive intricate leather_belt juti eco_friendly,Leatherwork
cane basket bamboo bamboo_lamp handmade,BambooCane
eco_friendly engraved_metal intricate copper colorful,Metalware
warli eco_friendly pattachitra madhubani miniature,Painting
gift festive beadwork earrings,Jewelry
eco_friendly pattachitra miniature handmade intricate canvas,Painting
silver bidri carved colorful,Metalware
traditional tooled_leather juti leather_bag,Leatherwork
intricate warli canvas miniature madhubani,Painting
handpainted_pot pot terracotta handmade,Pottery
festive juti gift leather_bag leather_belt tooled_leather,Leatherwork
traditional bamboo_lamp bamboo cane basket,BambooCane
handpainted_pot terracotta pot,Pottery
lamp festive intricate colorful copper carved,Metalware
gift pot eco_friendly colorful handpainted_pot,Pottery
handmade lamp copper eco_friendly intricate brass,Metalware
colorful tooled_leather leather_bag traditional eco_friendly,Leatherwork
tooled_leather leather_belt traditional,Leatherwork
gift traditional basket bamboo_lamp cane festive,BambooCane
gift tooled_leather juti handmade,Leatherwork
eco_friendly festive gift leather_bag tooled_leather,Leatherwork
canvas miniature warli madhubani,Painting
cotton wool,Textile
cane intricate bamboo_lamp gift,BambooCane
juti leather_belt tooled_leather,Leatherwork
gift intricate pattachitra warli madhubani canvas,Painting
bangles earrings traditional beadwork filigree,Jewelry
wool colorful festive handwoven,Textile
silver necklace beadwork,Jewelry
festive intricate leather_bag tooled_leather gift,Leatherwork
beadwork traditional intricate filigree necklace,Jewelry
madhubani pattachitra,Painting
leather_bag colorful eco_friendly intricate leather_belt tooled_leather,Leatherwork
glazed handpainted_pot pot ceramic,Pottery
colorful earrings eco_friendly silver,Jewelry
filigree eco_friendly bangles earrings,Jewelry
festive handpainted_pot intricate colorful terracotta pot,Pottery
ceramic handmade gift festive handpainted_pot,Pottery
traditional canvas pattachitra,Painting
leather_bag leather_belt tooled_leather colorful handmade juti eco_friendly,Leatherwork
bamboo_lamp traditional colorful basket,BambooCane
miniature canvas colorful pattachitra warli handmade,Painting
traditional eco_friendly lamp copper carved,Metalware
teak carved sheesham,Woodwork
handpainted_pot glazed terracotta eco_friendly pot colorful festive,Pottery
brass engraved_metal copper gift eco_friendly intricate,Metalware
silver carved intricate copper handmade engraved_metal,Metalware
embroidered traditional saree colorful,Textile
cane basket bamboo,BambooCane
bamboo eco_friendly cane colorful,BambooCane
filigree intricate earrings necklace festive brass colorful,Jewelry
colorful saree embroidered dupatta cotton,Textile
teak carved wooden_box wooden_toy,Woodwork
ceramic handpainted_pot terracotta pot,Pottery
tooled_leather leather_bag leather_belt traditional juti,Leatherwork
festive silk embroidered,Textile
bamboo cane basket bamboo_lamp,BambooCane
brass copper,Metalware
copper bidri silver engraved_metal,Metalware
festive intricate earrings eco_friendly brass,Jewelry
beadwork necklace earrings silver,Jewelry
madhubani warli handmade canvas pattachitra colorful,Painting
intricate gift wooden_toy teak,Woodwork
filigree earrings handmade beadwork intricate bangles festive,Jewelry
traditional bangles filigree silver eco_friendly festive brass,Jewelry
bamboo_lamp cane festive eco_friendly,BambooCane
handpainted_pot colorful eco_friendly glazed traditional pot,Pottery
copper carved silver,Metalware
intricate bamboo handmade colorful bamboo_lamp cane,BambooCane
traditional miniature madhubani,Painting
eco_friendly colorful necklace silver,Jewelry
beadwork handmade brass silver filigree traditional,Jewelry
gift bamboo cane basket handmade,BambooCane
tooled_leather leather_belt traditional juti leather_bag,Leatherwork
colorful warli eco_friendly canvas gift miniature,Painting
festive juti leather_bag tooled_leather,Leatherwork
ceramic terracotta,Pottery
colorful juti leather_belt tooled_leather eco_friendly,Leatherwork
juti leather_belt tooled_leather eco_friendly,Leatherwork
carved traditional bidri colorful silver festive,Metalware
carved gift brass engraved_metal handmade silver colorful,Metalware
gift silver handmade lamp copper,Metalware
gift wool silk handmade colorful dupatta saree,Textile
bangles filigree,Jewelry
bamboo gift cane basket bamboo_lamp,BambooCane
silk wool saree,Textile
miniature pattachitra madhubani colorful,Painting
colorful bamboo bamboo_lamp,BambooCane
silver beadwork necklace filigree,Jewelry
saree festive intricate handwoven gift block_print,Textile
pattachitra canvas warli gift,Painting
ceramic glazed pot eco_friendly,Pottery
wool cotton eco_friendly colorful handwoven,Textile
sheesham intricate teak carved wooden_toy,Woodwork
traditional brass silver,Metalware
pattachitra warli gift madhubani canvas,Painting
cotton handmade handwoven colorful,Textile
festive necklace silver filigree earrings,Jewelry
tooled_leather leather_bag juti,Leatherwork
block_print wool intricate,Textile
gift traditional ceramic glazed,Pottery
gift miniature canvas madhubani pattachitra,Painting
handpainted_pot pot terracotta,Pottery
festive leather_belt intricate leather_bag,Leatherwork
terracotta glazed handpainted_pot pot,Pottery
tooled_leather leather_belt leather_bag juti festive,Leatherwork
intricate cane basket handmade,BambooCane
cotton wool,Textile
colorful wooden_box intricate carved,Woodwork
intricate carved teak colorful wooden_box,Woodwork
wool cotton dupatta handwoven,Textile
juti leather_bag leather_belt,Leatherwork
glazed gift pot terracotta handpainted_pot,Pottery
gift brass eco_friendly bangles,Jewelry
tooled_leather juti leather_bag eco_friendly leather_belt,Leatherwork
filigree brass beadwork,Jewelry
bamboo bamboo_lamp handmade basket cane,BambooCane
ceramic gift eco_friendly intricate terracotta pot,Pottery
handmade embroidered cotton festive handwoven silk,Textile
glazed ceramic gift traditional intricate pot terracotta,Pottery
cotton silk saree,Textile
embroidered cotton silk handmade colorful saree intricate,Textile
earrings beadwork filigree silver,Jewelry
silk block_print cotton intricate handwoven festive,Textile
gift copper bidri silver,Metalware
eco_friendly canvas pattachitra intricate gift,Painting
eco_friendly copper gift carved colorful,Metalware
traditional eco_friendly handmade bamboo_lamp bamboo basket,BambooCane
brass necklace bangles beadwork,Jewelry
traditional embroidered intricate handwoven,Textile
bidri silver intricate,Metalware
wooden_toy traditional gift handmade wooden_box,Woodwork
warli gift festive miniature madhubani canvas intricate,Painting
traditional necklace gift filigree festive,Jewelry
handpainted_pot ceramic glazed,Pottery
canvas warli festive traditional,Painting
bamboo_lamp basket,BambooCane
bangles colorful traditional brass,Jewelry
lamp bidri brass gift,Metalware
carved festive lamp intricate,Metalware
silver earrings gift beadwork bangles,Jewelry
bamboo_lamp basket cane bamboo,BambooCane
terracotta handpainted_pot pot glazed,Pottery
handmade wooden_toy wooden_box festive,Woodwork
traditional pattachitra miniature,Painting
ceramic handmade handpainted_pot pot eco_friendly festive terracotta,Pottery
ceramic pot glazed handpainted_pot,Pottery
basket handmade bamboo_lamp bamboo,BambooCane
canvas intricate traditional colorful warli,Painting
eco_friendly ceramic handmade traditional glazed terracotta,Pottery
glazed handpainted_pot handmade pot terracotta traditional,Pottery
gift pot handpainted_pot terracotta ceramic,Pottery
filigree earrings colorful eco_friendly traditional,Jewelry
colorful intricate carved wooden_box wooden_toy sheesham,Woodwork
wool handmade colorful gift block_print,Textile
traditional cane basket colorful,BambooCane
earrings filigree silver gift intricate traditional,Jewelry
brass necklace festive beadwork colorful filigree,Jewelry
brass festive handmade lamp engraved_metal,Metalware
teak wooden_box wooden_toy colorful,Woodwork
bamboo_lamp bamboo gift traditional colorful,BambooCane
glazed terracotta handpainted_pot,Pottery
madhubani handmade canvas warli intricate,Painting
necklace silver beadwork bangles,Jewelry
miniature pattachitra madhubani colorful warli,Painting
carved copper colorful brass,Metalware
glazed pot gift traditional intricate,Pottery
bamboo_lamp basket cane bamboo,BambooCane
brass carved engraved_metal copper,Metalware
cotton handwoven festive,Textile
intricate copper handmade bidri eco_friendly,Metalware
handmade wooden_toy sheesham,Woodwork
ceramic terracotta glazed handpainted_pot,Pottery
tooled_leather juti traditional,Leatherwork
wooden_toy sheesham carved handmade intricate festive,Woodwork
traditional bamboo_lamp bamboo,BambooCane
handwoven silk gift eco_friendly wool colorful saree,Textile
brass intricate engraved_metal gift,Metalware
eco_friendly saree intricate handwoven,Textile
pattachitra warli madhubani canvas,Painting
colorful eco_friendly juti tooled_leather gift leather_bag,Leatherwork
eco_friendly leather_belt tooled_leather,Leatherwork
leather_bag gift tooled_leather,Leatherwork
carved bidri traditional gift intricate,Metalware
handmade teak gift wooden_toy carved,Woodwork
pattachitra madhubani warli canvas,Painting
engraved_metal lamp carved copper,Metalware
carved teak wooden_toy wooden_box colorful,Woodwork
saree block_print silk handwoven gift colorful traditional,Textile
cane gift basket,BambooCane
festive pot terracotta eco_friendly,Pottery
intricate festive glazed ceramic,Pottery
handmade eco_friendly filigree silver festive necklace,Jewelry
bamboo_lamp handmade colorful bamboo eco_friendly,BambooCane
handmade festive madhubani pattachitra,Painting
silk cotton colorful block_print,Textile
handpainted_pot intricate festive terracotta ceramic pot handmade,Pottery
engraved_metal carved bidri,Metalware
traditional colorful teak gift wooden_box wooden_toy carved,Woodwork
gift pattachitra intricate madhubani traditional,Painting
cane eco_friendly bamboo_lamp colorful basket bamboo,BambooCane
tooled_leather leather_bag colorful leather_belt,Leatherwork
carved traditional handmade sheesham eco_friendly,Woodwork
gift silver bidri eco_friendly,Metalware
gift traditional festive sheesham wooden_toy carved,Woodwork
handwoven eco_friendly block_print embroidered,Textile
gift basket bamboo_lamp handmade colorful,BambooCane
intricate brass filigree necklace beadwork,Jewelry
colorful beadwork necklace,Jewelry
warli madhubani,Painting
festive beadwork silver brass,Jewelry
cotton festive saree intricate silk traditional handwoven,Textile
leather_bag tooled_leather juti,Leatherwork
carved lamp colorful bidri eco_friendly,Metalware
ceramic terracotta handpainted_pot pot,Pottery
block_print dupatta traditional festive cotton,Textile
colorful miniature handmade madhubani canvas,Painting
handmade traditional madhubani warli,Painting
handwoven saree embroidered,Textile
eco_friendly handpainted_pot glazed gift,Pottery
colorful wooden_toy carved,Woodwork
brass beadwork,Jewelry
bamboo intricate colorful traditional cane bamboo_lamp,BambooCane
carved wooden_box teak wooden_toy,Woodwork
basket bamboo_lamp handmade colorful bamboo,BambooCane
handmade wooden_toy festive teak traditional,Woodwork
madhubani miniature warli colorful canvas,Painting
bangles earrings handmade brass filigree,Jewelry
juti leather_belt tooled_leather,Leatherwork
handwoven silk block_print,Textile
gift terracotta glazed traditional festive,Pottery
filigree beadwork handmade,Jewelry
basket cane bamboo bamboo_lamp,BambooCane
juti tooled_leather traditional,Leatherwork
brass festive gift bidri carved colorful,Metalware
leather_bag juti gift traditional tooled_leather intricate leather_belt,Leatherwork
wooden_box teak,Woodwork
sheesham wooden_toy traditional carved,Woodwork
intricate colorful teak gift wooden_box,Woodwork
carved intricate sheesham,Woodwork
wooden_toy wooden_box eco_friendly traditional intricate,Woodwork
wool saree silk,Textile
gift eco_friendly juti leather_belt,Leatherwork
canvas miniature,Painting
silver lamp carved,Metalware
bangles eco_friendly necklace traditional,Jewelry
festive warli pattachitra intricate gift,Painting
colorful eco_friendly warli handmade canvas miniature,Painting
silver earrings handmade bangles traditional eco_friendly,Jewelry
pot ceramic terracotta,Pottery
wooden_box traditional sheesham,Woodwork
cane intricate bamboo handmade bamboo_lamp,BambooCane
handwoven block_print wool,Textile
handwoven embroidered silk eco_friendly wool,Textile
basket bamboo intricate festive colorful,BambooCane
cotton block_print handwoven embroidered,Textile
miniature traditional canvas madhubani,Painting
wooden_box carved eco_friendly colorful gift wooden_toy,Woodwork
gift colorful carved silver bidri,Metalware
handmade bamboo bamboo_lamp cane,BambooCane
lamp festive silver traditional,Metalware
traditional dupatta handwoven wool,Textile
sheesham carved wooden_toy teak,Woodwork
pot handpainted_pot glazed festive terracotta,Pottery
gift bamboo_lamp cane bamboo basket traditional handmade,BambooCane
bamboo_lamp intricate festive cane basket bamboo,BambooCane
terracotta gift handpainted_pot colorful handmade ceramic,Pottery
bangles filigree eco_friendly handmade colorful,Jewelry
bamboo basket handmade colorful bamboo_lamp festive cane,BambooCane
cane basket,BambooCane
traditional brass gift eco_friendly bidri,Metalware
juti leather_bag leather_belt tooled_leather,Leatherwork
leather_bag festive tooled_leather juti,Leatherwork
wooden_toy carved wooden_box sheesham,Woodwork
brass beadwork traditional silver handmade necklace,Jewelry
handpainted_pot pot ceramic,Pottery
festive handpainted_pot terracotta handmade pot colorful glazed,Pottery
copper bidri brass engraved_metal,Metalware
bamboo_lamp colorful traditional bamboo basket cane,BambooCane
handmade colorful canvas pattachitra,Painting
pattachitra warli colorful eco_friendly canvas,Painting
brass copper carved,Metalware
bamboo basket colorful bamboo_lamp gift cane,BambooCane
madhubani warli pattachitra miniature,Painting
handmade handpainted_pot terracotta ceramic colorful traditional glazed,Pottery
juti leather_belt leather_bag,Leatherwork
handpainted_pot terracotta pot,Pottery
juti eco_friendly leather_belt tooled_leather colorful,Leatherwork
pattachitra traditional miniature warli madhubani eco_friendly,Painting
gift traditional juti leather_belt festive,Leatherwork
block_print dupatta traditional gift intricate,Textile
handwoven saree dupatta embroidered,Textile
cotton embroidered silk wool,Textile
intricate gift beadwork bangles festive,Jewelry
handpainted_pot pot ceramic,Pottery
eco_friendly basket bamboo_lamp cane bamboo,BambooCane
madhubani colorful warli intricate pattachitra gift,Painting
sheesham wooden_box,Woodwork
handpainted_pot terracotta intricate,Pottery
leather_belt handmade tooled_leather,Leatherwork
handmade saree dupatta block_print colorful,Textile
brass beadwork handmade,Jewelry
carved intricate wooden_toy teak wooden_box,Woodwork
leather_belt tooled_leather leather_bag juti,Leatherwork
warli handmade madhubani pattachitra miniature,Painting
warli miniature eco_friendly colorful pattachitra festive canvas,Painting
silver brass necklace,Jewelry
festive block_print silk handwoven wool,Textile
tooled_leather leather_belt gift juti,Leatherwork
filigree bangles intricate gift colorful silver,Jewelry
ceramic traditional handpainted_pot pot gift,Pottery
wooden_toy teak sheesham wooden_box,Woodwork
bamboo_lamp intricate colorful bamboo cane,BambooCane
handpainted_pot glazed colorful intricate terracotta handmade pot,Pottery
gift handpainted_pot glazed ceramic,Pottery
handmade eco_friendly juti leather_belt tooled_leather,Leatherwork
intricate pot glazed handpainted_pot ceramic,Pottery
warli canvas pattachitra miniature,Painting
colorful lamp bidri silver eco_friendly engraved_metal,Metalware
silver engraved_metal carved,Metalware
cane traditional basket bamboo bamboo_lamp,BambooCane
gift sheesham carved traditional intricate,Woodwork
handmade traditional block_print dupatta wool saree,Textile
filigree beadwork earrings silver,Jewelry
filigree brass earrings bangles traditional gift eco_friendly,Jewelry
silver traditional gift filigree intricate brass bangles,Jewelry
beadwork filigree bangles intricate brass,Jewelry
festive brass copper traditional colorful,Metalware
bamboo_lamp basket intricate cane,BambooCane
festive dupatta silk wool handmade,Textile
carved gift intricate lamp,Metalware
pattachitra intricate warli miniature handmade madhubani,Painting
necklace eco_friendly filigree silver handmade,Jewelry
gift terracotta handpainted_pot ceramic glazed,Pottery
cotton festive dupatta silk block_print,Textile
handpainted_pot pot ceramic gift glazed,Pottery
necklace bangles brass festive,Jewelry
bamboo_lamp cane basket,BambooCane
handmade festive gift saree embroidered,Textile
filigree eco_friendly beadwork earrings intricate traditional,Jewelry
ceramic glazed intricate eco_friendly handmade,Pottery
copper handmade engraved_metal intricate traditional brass,Metalware
saree cotton festive dupatta,Textile
cane bamboo bamboo_lamp festive basket,BambooCane
cane traditional bamboo_lamp bamboo,BambooCane
handmade madhubani festive warli,Painting
beadwork silver bangles festive,Jewelry
brass bidri gift colorful silver,Metalware
warli madhubani pattachitra,Painting
tooled_leather juti leather_belt leather_bag,Leatherwork
bamboo_lamp traditional bamboo basket,BambooCane
beadwork bangles necklace brass,Jewelry
handmade bamboo traditional cane bamboo_lamp intricate basket,BambooCane
bamboo cane traditional basket,BambooCane
gift wooden_box wooden_toy intricate colorful,Woodwork
festive pot glazed,Pottery
eco_friendly bamboo_lamp cane basket,BambooCane
terracotta pot gift traditional ceramic glazed,Pottery
basket bamboo,BambooCane
handpainted_pot ceramic festive glazed pot,Pottery
filigree festive bangles silver brass gift colorful,Jewelry
eco_friendly festive carved handmade engraved_metal,Metalware
handmade glazed pot,Pottery
ceramic pot terracotta intricate traditional,Pottery
basket festive bamboo_lamp bamboo cane,BambooCane
gift carved silver lamp copper,Metalware
madhubani canvas gift colorful warli pattachitra handmade,Painting
handpainted_pot glazed pot terracotta,Pottery
bangles beadwork silver brass,Jewelry
beadwork silver bangles,Jewelry
basket festive bamboo_lamp,BambooCane
pot ceramic,Pottery
tooled_leather leather_bag juti,Leatherwork
juti leather_belt tooled_leather leather_bag,Leatherwork
miniature warli madhubani canvas gift,Painting
handmade eco_friendly leather_bag juti gift,Leatherwork
wooden_toy wooden_box teak,Woodwork
ceramic pot,Pottery
traditional gift leather_bag leather_belt,Leatherwork
canvas gift pattachitra eco_friendly warli handmade madhubani,Painting
intricate eco_friendly pattachitra miniature canvas warli colorful,Painting
silver bidri engraved_metal eco_friendly lamp,Metalware
silk block_print,Textile
handpainted_pot ceramic glazed gift intricate,Pottery
beadwork silver traditional necklace filigree,Jewelry
silk cotton handwoven,Textile
colorful cotton dupatta intricate,Textile
eco_friendly bamboo_lamp bamboo basket cane,BambooCane
wool silk colorful dupatta gift festive,Textile
bangles gift beadwork filigree eco_friendly,Jewelry
carved wooden_toy traditional wooden_box teak eco_friendly,Woodwork
silver carved gift bidri engraved_metal,Metalware
canvas colorful warli madhubani intricate handmade,Painting
handwoven wool embroidered colorful eco_friendly dupatta intricate,Textile
bamboo traditional basket bamboo_lamp cane,BambooCane
terracotta ceramic pot,Pottery
intricate pattachitra miniature madhubani,Painting
leather_bag tooled_leather leather_belt intricate juti eco_friendly,Leatherwork
engraved_metal lamp silver bidri eco_friendly traditional,Metalware
festive traditional bamboo_lamp bamboo gift,BambooCane
bangles earrings brass,Jewelry
canvas traditional festive madhubani pattachitra,Painting
cane bamboo_lamp handmade traditional basket intricate bamboo,BambooCane
canvas colorful miniature warli pattachitra,Painting
warli eco_friendly madhubani gift traditional miniature pattachitra,Painting
beadwork earrings silver handmade,Jewelry
pot glazed gift terracotta handmade handpainted_pot intricate,Pottery
engraved_metal lamp copper carved,Metalware
miniature madhubani canvas,Painting
colorful pot terracotta intricate handmade glazed,Pottery
colorful tooled_leather traditional intricate juti,Leatherwork
brass earrings,Jewelry
colorful embroidered handwoven silk saree,Textile
dupatta traditional colorful block_print wool,Textile
handpainted_pot festive ceramic handmade terracotta,Pottery
traditional leather_belt intricate tooled_leather gift juti,Leatherwork
bamboo cane,BambooCane
wooden_box sheesham wooden_toy eco_friendly handmade,Woodwork
eco_friendly terracotta traditional pot ceramic,Pottery
eco_friendly intricate bamboo_lamp basket,BambooCane
embroidered handmade saree,Textile
silver bidri gift handmade festive,Metalware
saree silk,Textile
bamboo_lamp bamboo cane,BambooCane
filigree earrings brass intricate beadwork colorful,Jewelry
intricate bamboo bamboo_lamp cane,BambooCane
leather_bag juti colorful tooled_leather,Leatherwork
beadwork handmade earrings brass,Jewelry
bamboo_lamp bamboo,BambooCane
festive wooden_box wooden_toy eco_friendly traditional,Woodwork
handmade intricate wooden_box carved,Woodwork
tooled_leather eco_friendly gift juti leather_belt,Leatherwork
colorful madhubani warli miniature traditional eco_friendly,Painting
beadwork intricate earrings traditional bangles silver,Jewelry
wool block_print silk embroidered,Textile
glazed pot ceramic,Pottery
wooden_toy carved traditional teak sheesham,Woodwork
eco_friendly handwoven silk,Textile
pot handpainted_pot terracotta ceramic,Pottery
silver beadwork bangles traditional earrings handmade,Jewelry
silk saree embroidered,Textile
traditional intricate miniature pattachitra warli madhubani,Painting
saree wool embroidered,Textile
handpainted_pot terracotta pot,Pottery
cotton eco_friendly dupatta,Textile
handpainted_pot traditional ceramic terracotta intricate pot,Pottery
block_print embroidered wool cotton intricate,Textile
silk handwoven gift colorful,Textile
festive intricate pattachitra handmade warli,Painting
handmade miniature canvas traditional madhubani warli,Painting
festive eco_friendly wooden_toy carved intricate,Woodwork
wool embroidered handwoven block_print,Textile
eco_friendly carved sheesham wooden_box,Woodwork
intricate leather_belt tooled_leather,Leatherwork
dupatta block_print intricate colorful cotton handwoven traditional,Textile
bamboo_lamp basket cane,BambooCane
dupatta intricate block_print eco_friendly,Textile
gift leather_belt traditional leather_bag,Leatherwork
necklace bangles earrings,Jewelry
ceramic pot terracotta festive colorful glazed,Pottery
necklace beadwork festive traditional filigree silver,Jewelry
madhubani warli,Painting
leather_belt tooled_leather juti leather_bag eco_friendly,Leatherwork
engraved_metal handmade copper carved,Metalware
filigree beadwork bangles earrings gift,Jewelry
traditional eco_friendly handmade pattachitra madhubani,Painting
juti leather_belt leather_bag,Leatherwork
necklace silver eco_friendly bangles,Jewelry
brass silver filigree intricate gift colorful bangles,Jewelry
traditional pattachitra canvas,Painting
handmade colorful wooden_box wooden_toy intricate,Woodwork
leather_bag traditional juti intricate leather_belt colorful,Leatherwork
silver lamp,Metalware
handmade eco_friendly warli festive miniature,Painting
dupatta handwoven saree,Textile
madhubani warli gift pattachitra,Painting
intricate dupatta cotton wool gift handwoven,Textile
wooden_box carved eco_friendly wooden_toy teak intricate,Woodwork
miniature warli gift traditional canvas pattachitra,Painting
tooled_leather intricate leather_bag festive gift,Leatherwork
embroidered handwoven wool saree,Textile
terracotta handpainted_pot,Pottery
wooden_box carved sheesham,Woodwork
engraved_metal intricate copper silver festive bidri,Metalware
terracotta festive handmade colorful ceramic,Pottery
tooled_leather leather_bag leather_belt,Leatherwork
bangles filigree,Jewelry
miniature festive madhubani canvas,Painting
madhubani miniature pattachitra,Painting
colorful bidri carved gift silver festive,Metalware
teak sheesham,Woodwork
gift wool dupatta colorful embroidered cotton,Textile
madhubani gift intricate warli canvas pattachitra,Painting
gift warli colorful canvas,Painting
colorful saree cotton embroidered,Textile
madhubani eco_friendly pattachitra canvas warli,Painting
lamp silver,Metalware
dupatta wool block_print,Textile
carved teak sheesham wooden_toy intricate gift traditional,Woodwork
wool handmade silk intricate handwoven cotton,Textile
colorful cotton gift block_print festive handwoven embroidered,Textile
handmade gift carved eco_friendly brass,Metalware
silk festive embroidered,Textile
cane bamboo,BambooCane
filigree bangles necklace,Jewelry
handwoven block_print dupatta,Textile
eco_friendly handmade intricate madhubani miniature canvas,Painting
earrings filigree,Jewelry
leather_belt juti leather_bag,Leatherwork
handpainted_pot gift colorful glazed pot ceramic,Pottery
leather_belt leather_bag festive gift intricate,Leatherwork
dupatta cotton,Textile
embroidered wool eco_friendly handmade,Textile
intricate copper silver eco_friendly,Metalware
sheesham wooden_toy traditional carved,Woodwork
block_print handwoven dupatta,Textile
traditional silk colorful saree dupatta,Textile
basket bamboo_lamp,BambooCane
block_print dupatta festive intricate,Textile
intricate leather_belt colorful tooled_leather gift,Leatherwork
bangles beadwork,Jewelry
traditional intricate brass engraved_metal,Metalware
colorful lamp engraved_metal brass carved traditional,Metalware
filigree earrings,Jewelry
eco_friendly embroidered festive silk,Textile
traditional glazed handpainted_pot,Pottery
ceramic festive pot intricate eco_friendly,Pottery
intricate engraved_metal lamp brass,Metalware
handmade earrings filigree traditional bangles intricate,Jewelry
engraved_metal brass carved bidri,Metalware
wooden_box sheesham carved traditional teak,Woodwork
glazed pot handpainted_pot,Pottery
cane bamboo_lamp gift colorful bamboo basket,BambooCane
sheesham intricate festive wooden_toy,Woodwork
festive handwoven dupatta gift colorful cotton,Textile
glazed handpainted_pot pot festive ceramic intricate traditional,Pottery
festive handmade cane bamboo bamboo_lamp,BambooCane
traditional wooden_toy sheesham carved,Woodwork
traditional warli handmade colorful pattachitra,Painting
miniature warli canvas,Painting
handpainted_pot pot intricate terracotta glazed,Pottery
handwoven eco_friendly dupatta intricate traditional silk,Textile
gift colorful handmade terracotta glazed,Pottery
colorful handwoven festive embroidered block_print dupatta traditional,Textile
bamboo_lamp basket intricate festive gift cane,BambooCane
colorful silver intricate carved bidri brass,Metalware
miniature pattachitra warli intricate,Painting
glazed handpainted_pot,Pottery
bamboo_lamp bamboo basket,BambooCane
brass engraved_metal traditional silver carved,Metalware
terracotta handpainted_pot eco_friendly intricate gift,Pottery
bamboo_lamp colorful basket,BambooCane
leather_belt leather_bag tooled_leather colorful traditional juti,Leatherwork
gift tooled_leather leather_belt,Leatherwork
carved wooden_box colorful intricate gift,Woodwork
wooden_box sheesham eco_friendly handmade teak gift,Woodwork
teak carved traditional handmade wooden_box festive,Woodwork
brass engraved_metal,Metalware
pot handpainted_pot intricate ceramic eco_friendly festive terracotta,Pottery
intricate traditional colorful terracotta ceramic,Pottery
ceramic terracotta glazed pot,Pottery
brass lamp gift copper bidri handmade,Metalware
embroidered traditional cotton gift handmade wool,Textile
tooled_leather leather_bag juti leather_belt,Leatherwork
sheesham intricate teak traditional wooden_toy carved eco_friendly,Woodwork
pot handpainted_pot terracotta glazed,Pottery
warli pattachitra colorful madhubani,Painting
dupatta embroidered,Textile
gift embroidered colorful block_print silk,Textile
traditional cane bamboo_lamp festive,BambooCane
eco_friendly leather_belt handmade juti intricate leather_bag,Leatherwork
necklace filigree beadwork colorful,Jewelry
wooden_toy wooden_box,Woodwork
pattachitra madhubani,Painting
bamboo handmade cane traditional basket,BambooCane
silk wool cotton block_print,Textile
pattachitra warli miniature,Painting
handmade handwoven traditional dupatta wool saree,Textile
canvas warli madhubani,Painting
wooden_box wooden_toy sheesham festive gift,Woodwork
madhubani festive handmade traditional miniature,Painting
brass gift bidri,Metalware
wooden_box wooden_toy sheesham,Woodwork
colorful engraved_metal lamp,Metalware
warli pattachitra canvas madhubani,Painting
traditional cane bamboo bamboo_lamp basket,BambooCane
gift madhubani eco_friendly festive pattachitra canvas warli,Painting
glazed handpainted_pot ceramic traditional intricate colorful,Pottery
leather_bag tooled_leather eco_friendly traditional,Leatherwork
handmade canvas warli intricate miniature pattachitra,Painting
embroidered intricate block_print dupatta festive wool colorful,Textile
teak wooden_toy,Woodwork
intricate miniature madhubani handmade,Painting
wooden_box sheesham,Woodwork
gift handwoven dupatta colorful cotton intricate,Textile
wooden_toy sheesham teak carved eco_friendly festive,Woodwork
leather_bag tooled_leather juti leather_belt eco_friendly,Leatherwork
handpainted_pot gift pot festive glazed,Pottery
silk wool,Textile
glazed terracotta festive,Pottery
canvas miniature gift,Painting
bamboo intricate colorful bamboo_lamp basket cane,BambooCane
miniature canvas warli handmade gift colorful,Painting
leather_bag colorful juti tooled_leather,Leatherwork
miniature madhubani canvas pattachitra colorful,Painting
block_print handwoven embroidered,Textile
festive earrings filigree bangles colorful,Jewelry
sheesham teak wooden_toy,Woodwork
terracotta pot festive glazed,Pottery
handmade copper carved silver bidri,Metalware
intricate handmade terracotta traditional ceramic,Pottery
handmade bidri carved gift silver lamp festive,Metalware
carved lamp,Metalware
juti gift intricate leather_bag traditional,Leatherwork
festive brass handmade silver,Metalware
traditional beadwork silver gift colorful brass,Jewelry
canvas miniature warli traditional pattachitra gift,Painting
brass lamp gift silver engraved_metal handmade,Metalware
bangles earrings eco_friendly colorful festive,Jewelry
wooden_toy carved handmade teak,Woodwork
bamboo cane basket,BambooCane
handmade eco_friendly teak gift sheesham,Woodwork
carved sheesham,Woodwork
colorful eco_friendly handmade earrings silver,Jewelry
sheesham wooden_toy wooden_box teak,Woodwork
intricate pattachitra warli miniature,Painting
canvas warli intricate madhubani colorful traditional,Painting
copper bidri carved engraved_metal,Metalware
glazed handpainted_pot gift,Pottery
wooden_box carved teak sheesham,Woodwork
tooled_leather leather_bag gift juti leather_belt,Leatherwork
handmade festive terracotta gift ceramic,Pottery
intricate silver carved eco_friendly brass engraved_metal,Metalware
wooden_toy wooden_box carved sheesham,Woodwork
teak colorful wooden_toy intricate sheesham,Woodwork
copper lamp engraved_metal,Metalware
engraved_metal bidri,Metalware
tooled_leather leather_bag juti gift eco_friendly,Leatherwork
madhubani pattachitra warli canvas,Painting
colorful madhubani festive miniature pattachitra,Painting
leather_belt intricate gift leather_bag eco_friendly,Leatherwork
leather_belt leather_bag,Leatherwork
silver festive lamp intricate bidri handmade copper,Metalware
wool silk saree,Textile
sheesham carved gift handmade traditional,Woodwork
miniature canvas gift eco_friendly colorful,Painting
teak handmade gift carved colorful sheesham,Woodwork
intricate juti gift leather_bag traditional,Leatherwork
wool handwoven traditional block_print saree colorful festive,Textile
silk eco_friendly dupatta wool,Textile
copper carved brass festive,Metalware
cane gift colorful bamboo bamboo_lamp intricate,BambooCane
traditional colorful wooden_toy wooden_box,Woodwork
silver festive bangles traditional handmade,Jewelry
bamboo bamboo_lamp,BambooCane
handpainted_pot terracotta glazed,Pottery
intricate traditional handpainted_pot glazed,Pottery
intricate festive traditional engraved_metal bidri lamp,Metalware
bidri silver,Metalware
teak colorful traditional handmade sheesham wooden_box,Woodwork
bamboo festive basket cane bamboo_lamp,BambooCane
filigree bangles handmade brass colorful,Jewelry
madhubani pattachitra handmade canvas colorful miniature,Painting
colorful intricate pattachitra canvas miniature,Painting
beadwork silver bangles necklace,Jewelry
dupatta handwoven saree,Textile
cotton wool silk,Textile
festive eco_friendly teak intricate wooden_toy carved sheesham,Woodwork
silk handwoven block_print,Textile
intricate gift cane bamboo,BambooCane
wooden_box wooden_toy sheesham carved,Woodwork
colorful handmade madhubani warli,Painting
bidri silver,Metalware
warli miniature madhubani,Painting
bamboo basket cane bamboo_lamp,BambooCane
filigree earrings,Jewelry
eco_friendly ceramic terracotta gift pot,Pottery
traditional handmade dupatta intricate handwoven,Textile
gift miniature pattachitra eco_friendly madhubani canvas handmade,Painting
gift bamboo_lamp cane bamboo basket,BambooCane
engraved_metal brass carved lamp,Metalware
eco_friendly wool dupatta saree festive intricate,Textile
carved bidri silver copper traditional festive eco_friendly,Metalware
eco_friendly beadwork brass,Jewelry
brass intricate lamp engraved_metal,Metalware
bidri copper festive engraved_metal silver,Metalware
festive brass bidri copper silver traditional gift,Metalware
gift necklace eco_friendly silver,Jewelry
handmade wooden_toy sheesham teak,Woodwork
handmade gift silver filigree bangles traditional,Jewelry
terracotta ceramic handpainted_pot pot traditional,Pottery
wooden_toy teak colorful sheesham carved,Woodwork
madhubani miniature warli festive,Painting
eco_friendly traditional pattachitra handmade miniature,Painting
gift leather_belt intricate tooled_leather leather_bag juti,Leatherwork
silver copper,Metalware
carved bidri festive handmade,Metalware
eco_friendly wool handwoven silk block_print,Textile
eco_friendly festive bamboo bamboo_lamp colorful,BambooCane
traditional silver brass,Jewelry
madhubani pattachitra canvas warli,Painting
engraved_metal bidri silver,Metalware
brass intricate bidri silver eco_friendly,Metalware
festive bidri silver colorful,Metalware
leather_belt juti,Leatherwork
warli madhubani colorful eco_friendly traditional,Painting
handmade bamboo basket,BambooCane
brass festive intricate eco_friendly engraved_metal silver,Metalware
tooled_leather traditional leather_bag juti handmade,Leatherwork
wooden_toy handmade intricate eco_friendly wooden_box,Woodwork
carved eco_friendly wooden_toy traditional wooden_box sheesham,Woodwork
traditional sheesham eco_friendly carved,Woodwork
bangles handmade filigree intricate,Jewelry
colorful pot traditional glazed,Pottery
block_print cotton wool traditional intricate festive handwoven,Textile
necklace filigree,Jewelry
ceramic festive gift pot handpainted_pot,Pottery
silk embroidered,Textile
colorful engraved_metal carved bidri silver,Metalware
bamboo bamboo_lamp colorful cane traditional,BambooCane
madhubani warli pattachitra,Painting
madhubani gift canvas eco_friendly,Painting
brass earrings beadwork,Jewelry
wool dupatta block_print cotton gift intricate festive,Textile
wooden_box carved,Woodwork
basket bamboo_lamp bamboo,BambooCane
handmade gift bamboo bamboo_lamp,BambooCane
intricate handpainted_pot gift colorful pot terracotta,Pottery
cotton silk gift wool dupatta handmade,Textile
festive sheesham wooden_toy wooden_box teak,Woodwork
cane bamboo_lamp basket,BambooCane
miniature warli eco_friendly canvas madhubani festive,Painting
engraved_metal lamp,Metalware
leather_belt colorful leather_bag gift eco_friendly tooled_leather,Leatherwork
traditional sheesham wooden_box carved wooden_toy eco_friendly,Woodwork
silk dupatta festive,Textile
lamp silver carved engraved_metal,Metalware
intricate brass beadwork filigree bangles,Jewelry
sheesham wooden_toy,Woodwork
wooden_box sheesham,Woodwork
cane bamboo bamboo_lamp,BambooCane
carved handmade wooden_toy festive sheesham,Woodwork
terracotta ceramic glazed handpainted_pot,Pottery
bidri festive lamp intricate eco_friendly,Metalware
wooden_toy teak carved eco_friendly,Woodwork
traditional gift brass necklace silver eco_friendly,Jewelry
handwoven dupatta traditional saree handmade,Textile
handpainted_pot gift terracotta pot,Pottery
cane basket bamboo,BambooCane
lamp handmade festive silver carved brass colorful,Metalware
bangles earrings necklace beadwork intricate,Jewelry
gift bamboo basket festive cane,BambooCane
saree embroidered festive,Textile
gift teak wooden_toy wooden_box sheesham,Woodwork
eco_friendly leather_bag traditional tooled_leather intricate leather_belt,Leatherwork
basket cane,BambooCane
intricate carved teak sheesham,Woodwork
beadwork filigree silver eco_friendly,Jewelry
handmade embroidered saree intricate silk block_print gift,Textile
handpainted_pot eco_friendly glazed gift handmade ceramic pot,Pottery
handpainted_pot traditional glazed terracotta handmade,Pottery
gift intricate lamp engraved_metal handmade bidri,Metalware
miniature canvas,Painting
wooden_box teak sheesham,Woodwork
leather_belt tooled_leather eco_friendly leather_bag,Leatherwork
bamboo_lamp bamboo cane basket,BambooCane
wooden_toy eco_friendly teak gift,Woodwork
teak gift wooden_box festive,Woodwork
gift embroidered traditional silk,Textile
traditional brass copper silver,Metalware
leather_bag tooled_leather intricate juti leather_belt handmade,Leatherwork
gift glazed ceramic handpainted_pot,Pottery
glazed terracotta,Pottery
basket bamboo,BambooCane
brass festive handmade engraved_metal carved traditional lamp,Metalware
handmade gift colorful beadwork bangles earrings,Jewelry
festive silver handmade bidri colorful copper carved,Metalware
wooden_toy festive teak wooden_box,Woodwork
intricate tooled_leather colorful leather_belt juti,Leatherwork
sheesham teak handmade carved wooden_box,Woodwork
handmade warli madhubani canvas colorful intricate,Painting
intricate madhubani warli,Painting
intricate festive pattachitra miniature,Painting
cane basket bamboo bamboo_lamp handmade,BambooCane
earrings colorful necklace intricate brass,Jewelry
handwoven eco_friendly embroidered silk block_print,Textile
terracotta handpainted_pot pot glazed,Pottery
tooled_leather leather_bag juti,Leatherwork
ceramic terracotta,Pottery
terracotta handmade handpainted_pot ceramic intricate pot,Pottery
festive earrings bangles,Jewelry
embroidered dupatta colorful eco_friendly gift,Textile
eco_friendly gift carved engraved_metal,Metalware
warli canvas madhubani,Painting
tooled_leather leather_belt gift,Leatherwork
handmade colorful carved silver,Metalware
bamboo bamboo_lamp handmade basket cane gift traditional,BambooCane
block_print embroidered saree wool,Textile
brass engraved_metal bidri colorful carved traditional,Metalware
engraved_metal copper carved traditional handmade,Metalware
traditional gift engraved_metal copper bidri lamp,Metalware
tooled_leather juti leather_belt,Leatherwork
carved teak,Woodwork
bamboo gift cane,BambooCane
copper lamp bidri,Metalware
traditional wool cotton colorful silk,Textile
brass bidri eco_friendly,Metalware
basket festive bamboo_lamp bamboo intricate,BambooCane
handmade bamboo_lamp cane gift,BambooCane
festive teak carved traditional gift wooden_toy sheesham,Woodwork
beadwork filigree handmade eco_friendly,Jewelry
sheesham wooden_toy traditional carved,Woodwork
miniature canvas traditional pattachitra handmade festive madhubani,Painting
leather_belt leather_bag tooled_leather juti,Leatherwork
madhubani warli gift intricate pattachitra canvas,Painting
necklace handmade beadwork eco_friendly festive earrings filigree,Jewelry
silver intricate earrings brass beadwork,Jewelry
canvas pattachitra,Painting
festive handmade pattachitra canvas gift miniature,Painting
wooden_box teak,Woodwork
earrings beadwork silver bangles,Jewelry
traditional bangles earrings handmade gift filigree,Jewelry
warli miniature canvas pattachitra,Painting
intricate bamboo basket bamboo_lamp cane traditional,BambooCane
canvas gift traditional miniature eco_friendly madhubani pattachitra,Painting
festive eco_friendly sheesham handmade carved wooden_toy,Woodwork
colorful embroidered silk handwoven block_print gift,Textile
gift sheesham intricate wooden_box carved,Woodwork
festive gift bidri silver,Metalware
sheesham carved teak,Woodwork
traditional dupatta silk festive intricate,Textile
bangles earrings,Jewelry
bamboo cane eco_friendly bamboo_lamp basket,BambooCane
eco_friendly filigree brass earrings gift silver,Jewelry
colorful festive pot terracotta glazed handpainted_pot traditional,Pottery
terracotta eco_friendly ceramic,Pottery
filigree brass necklace,Jewelry
bidri brass silver,Metalware
traditional sheesham teak carved wooden_toy colorful,Woodwork
colorful gift carved wooden_toy,Woodwork
embroidered saree cotton eco_friendly,Textile
leather_belt leather_bag juti,Leatherwork
brass silver eco_friendly,Metalware
wooden_box sheesham colorful teak traditional,Woodwork
wooden_toy teak,Woodwork
warli handmade madhubani,Painting
festive colorful basket cane bamboo intricate,BambooCane
intricate block_print embroidered handwoven handmade cotton,Textile
brass carved copper colorful bidri,Metalware
leather_belt leather_bag juti,Leatherwork
handmade handpainted_pot ceramic pot,Pottery
leather_belt eco_friendly tooled_leather juti,Leatherwork
colorful intricate bamboo_lamp cane basket bamboo,BambooCane
bangles filigree handmade necklace,Jewelry
carved brass festive silver,Metalware
silver brass copper traditional lamp,Metalware
carved sheesham teak intricate wooden_toy,Woodwork
traditional intricate bamboo_lamp eco_friendly basket,BambooCane
handmade handpainted_pot ceramic glazed terracotta,Pottery
colorful bamboo eco_friendly basket,BambooCane
terracotta intricate festive glazed pot,Pottery
intricate handwoven handmade block_print silk cotton,Textile
colorful canvas traditional intricate pattachitra,Painting
miniature pattachitra warli canvas,Painting
necklace bangles festive filigree silver traditional,Jewelry
wool intricate eco_friendly dupatta embroidered handmade saree,Textile
tooled_leather leather_bag juti,Leatherwork
teak colorful sheesham wooden_toy traditional,Woodwork
wooden_box carved,Woodwork
warli pattachitra traditional gift intricate canvas madhubani,Painting
canvas madhubani gift pattachitra handmade miniature,Painting
silver filigree beadwork bangles eco_friendly,Jewelry
lamp handmade traditional eco_friendly copper carved brass,Metalware
intricate earrings traditional filigree brass eco_friendly,Jewelry
handpainted_pot ceramic colorful intricate,Pottery
colorful necklace earrings silver filigree,Jewelry
terracotta ceramic handpainted_pot gift glazed,Pottery
handwoven embroidered traditional colorful block_print gift,Textile
handmade traditional wooden_toy colorful sheesham carved wooden_box,Woodwork
festive wool colorful cotton silk dupatta,Textile
handmade lamp traditional gift carved copper silver,Metalware
intricate wooden_box wooden_toy handmade sheesham,Woodwork
gift basket bamboo_lamp,BambooCane
handpainted_pot handmade ceramic intricate gift,Pottery
festive handmade brass copper colorful,Metalware
festive silver traditional brass necklace bangles gift,Jewelry
sheesham teak,Woodwork
bidri festive colorful handmade engraved_metal,Metalware
colorful madhubani pattachitra gift,Painting
ceramic intricate pot festive gift handpainted_pot,Pottery
pattachitra canvas madhubani,Painting
teak wooden_box,Woodwork
beadwork silver necklace gift filigree,Jewelry
wool saree block_print handwoven,Textile
carved traditional festive lamp silver engraved_metal gift,Metalware
wooden_toy carved teak wooden_box,Woodwork
handmade madhubani festive pattachitra,Painting
filigree beadwork,Jewelry
teak wooden_toy sheesham intricate traditional,Woodwork
gift bamboo_lamp bamboo handmade,BambooCane
silver earrings,Jewelry
basket bamboo cane bamboo_lamp,BambooCane
silk block_print,Textile
handmade embroidered handwoven wool silk,Textile
tooled_leather leather_belt leather_bag colorful juti,Leatherwork
handmade canvas colorful eco_friendly warli,Painting
intricate traditional bamboo colorful cane basket,BambooCane
bidri gift intricate traditional carved engraved_metal,Metalware
carved engraved_metal,Metalware
bamboo intricate cane gift basket bamboo_lamp,BambooCane
traditional gift festive embroidered block_print,Textile
pattachitra madhubani,Painting
carved engraved_metal,Metalware
handmade traditional festive basket bamboo,BambooCane
handmade bamboo_lamp bamboo colorful,BambooCane
brass silver beadwork filigree,Jewelry
saree dupatta,Textile
eco_friendly glazed terracotta handpainted_pot ceramic,Pottery
earrings bangles filigree necklace,Jewelry
intricate leather_bag juti leather_belt tooled_leather festive,Leatherwork
tooled_leather eco_friendly juti leather_belt leather_bag festive handmade,Leatherwork
leather_bag tooled_leather juti intricate leather_belt,Leatherwork
eco_friendly leather_bag tooled_leather,Leatherwork
bangles traditional necklace,Jewelry
colorful carved handmade lamp traditional,Metalware
beadwork gift earrings filigree traditional eco_friendly,Jewelry
cotton silk block_print eco_friendly festive,Textile
festive gift canvas miniature,Painting
colorful madhubani canvas festive gift,Painting
wool saree silk,Textile
engraved_metal copper gift colorful silver,Metalware
basket bamboo cane bamboo_lamp,BambooCane
earrings colorful silver eco_friendly brass,Jewelry
necklace intricate traditional bangles earrings,Jewelry
bamboo_lamp basket festive bamboo cane,BambooCane
brass bidri engraved_metal copper festive eco_friendly gift,Metalware
juti tooled_leather leather_bag,Leatherwork
traditional brass eco_friendly colorful copper,Metalware
gift basket cane intricate festive bamboo bamboo_lamp,BambooCane
festive handpainted_pot glazed eco_friendly terracotta traditional,Pottery
carved wooden_toy intricate,Woodwork
leather_belt traditional leather_bag,Leatherwork
intricate ceramic colorful handpainted_pot pot terracotta,Pottery
silk festive handwoven embroidered,Textile
bamboo bamboo_lamp,BambooCane
handpainted_pot festive colorful ceramic handmade,Pottery
bamboo_lamp basket bamboo intricate cane gift festive,BambooCane
juti leather_bag handmade gift leather_belt,Leatherwork
terracotta ceramic intricate,Pottery
wool block_print intricate eco_friendly handwoven saree,Textile
colorful teak wooden_toy sheesham traditional gift,Woodwork
intricate silver bidri,Metalware
intricate leather_belt juti handmade,Leatherwork
necklace traditional silver intricate eco_friendly filigree,Jewelry
tooled_leather gift leather_bag,Leatherwork
handmade bamboo cane eco_friendly traditional,BambooCane
eco_friendly wooden_box teak handmade wooden_toy,Woodwork
traditional basket bamboo bamboo_lamp colorful,BambooCane
earrings festive intricate eco_friendly silver,Jewelry
tooled_leather gift juti festive handmade,Leatherwork
festive madhubani miniature canvas,Painting
pattachitra madhubani warli handmade,Painting
leather_belt colorful leather_bag,Leatherwork
leather_bag leather_belt tooled_leather,Leatherwork
warli canvas handmade madhubani pattachitra,Painting
bamboo cane festive handmade gift,BambooCane
wooden_toy festive sheesham gift teak,Woodwork
saree block_print wool intricate,Textile
engraved_metal bidri colorful eco_friendly festive lamp,Metalware
canvas warli madhubani,Painting
carved handmade teak colorful eco_friendly,Woodwork
basket cane festive colorful traditional bamboo_lamp,BambooCane
wooden_toy teak colorful sheesham,Woodwork
copper lamp brass bidri,Metalware
silk festive wool traditional block_print,Textile
handmade bamboo basket intricate,BambooCane
necklace eco_friendly filigree bangles traditional,Jewelry
intricate traditional festive pattachitra warli miniature canvas,Painting
miniature pattachitra warli madhubani eco_friendly,Painting
juti leather_belt leather_bag,Leatherwork
gift saree embroidered colorful cotton,Textile
leather_bag handmade traditional juti eco_friendly,Leatherwork
juti leather_belt festive,Leatherwork
beadwork brass necklace,Jewelry
bamboo_lamp cane basket gift handmade bamboo,BambooCane
miniature warli,Painting
dupatta handwoven,Textile
embroidered saree intricate,Textile
ceramic terracotta colorful glazed,Pottery
intricate cane festive bamboo,BambooCane
cotton block_print silk handwoven,Textile
intricate bamboo_lamp basket cane,BambooCane
pattachitra festive miniature eco_friendly canvas intricate,Painting
colorful bamboo_lamp handmade bamboo basket cane,BambooCane
traditional cotton saree block_print,Textile
intricate copper lamp colorful bidri gift,Metalware
bamboo_lamp colorful cane handmade gift,BambooCane
copper traditional carved,Metalware
beadwork bangles brass filigree,Jewelry
handpainted_pot gift pot eco_friendly terracotta,Pottery
juti tooled_leather,Leatherwork
handmade brass silver gift,Metalware
juti leather_bag leather_belt festive,Leatherwork
gift bidri lamp copper festive carved intricate,Metalware
bamboo_lamp bamboo basket cane gift colorful,BambooCane
brass gift filigree silver bangles,Jewelry
ceramic pot glazed festive handpainted_pot,Pottery
leather_bag colorful leather_belt tooled_leather,Leatherwork
festive handpainted_pot ceramic pot eco_friendly colorful,Pottery
intricate festive juti tooled_leather leather_belt,Leatherwork
leather_bag leather_belt tooled_leather juti festive,Leatherwork
colorful wool saree cotton handwoven handmade traditional,Textile
festive brass earrings,Jewelry
silver filigree brass festive beadwork eco_friendly,Jewelry
basket handmade bamboo_lamp eco_friendly cane,BambooCane
gift handmade bamboo_lamp bamboo cane,BambooCane
handmade earrings necklace colorful traditional beadwork bangles,Jewelry
bidri festive traditional eco_friendly copper lamp engraved_metal,Metalware
filigree brass colorful,Jewelry
cane basket,BambooCane
traditional madhubani intricate gift canvas,Painting
colorful traditional embroidered eco_friendly block_print handwoven dupatta,Textile
bamboo_lamp gift cane colorful basket,BambooCane
pot colorful handpainted_pot ceramic terracotta,Pottery
lamp intricate festive copper gift brass silver,Metalware
handmade cane gift bamboo basket,BambooCane
filigree silver festive earrings eco_friendly,Jewelry
tooled_leather intricate juti leather_bag colorful,Leatherwork
eco_friendly brass beadwork handmade colorful silver necklace,Jewelry
leather_bag leather_belt colorful,Leatherwork
block_print handwoven saree,Textile
pattachitra colorful madhubani canvas,Painting
miniature warli canvas pattachitra,Painting
bangles brass colorful silver earrings,Jewelry
dupatta cotton gift,Textile
carved festive wooden_toy wooden_box sheesham colorful,Woodwork
carved handmade brass traditional colorful,Metalware
colorful cotton eco_friendly wool festive,Textile
silver colorful copper,Metalware
terracotta pot handmade traditional handpainted_pot colorful glazed,Pottery
pot glazed,Pottery
basket bamboo_lamp intricate bamboo,BambooCane
ceramic pot glazed handpainted_pot,Pottery
block_print gift handmade traditional embroidered cotton handwoven,Textile
warli madhubani,Painting
wool silk saree embroidered,Textile
tooled_leather leather_belt eco_friendly juti,Leatherwork
teak wooden_box sheesham,Woodwork
handpainted_pot terracotta traditional,Pottery
leather_bag tooled_leather leather_belt,Leatherwork
basket gift colorful intricate bamboo_lamp cane bamboo,BambooCane
cane handmade basket gift bamboo,BambooCane
warli intricate madhubani eco_friendly pattachitra,Painting
leather_belt juti leather_bag tooled_leather,Leatherwork
ceramic terracotta,Pottery
bamboo_lamp festive handmade cane colorful,BambooCane
wooden_toy carved sheesham,Woodwork
wool eco_friendly handwoven cotton embroidered gift,Textile
handmade silver earrings bangles colorful festive,Jewelry
block_print dupatta saree cotton,Textile
intricate dupatta embroidered block_print silk,Textile
wooden_toy sheesham,Woodwork
eco_friendly cane basket bamboo handmade gift,BambooCane
copper colorful engraved_metal lamp,Metalware
leather_bag leather_belt tooled_leather,Leatherwork
leather_belt tooled_leather juti,Leatherwork
tooled_leather leather_belt gift intricate,Leatherwork
colorful tooled_leather leather_bag juti,Leatherwork
pattachitra colorful warli eco_friendly handmade,Painting
cane basket,BambooCane
filigree silver intricate festive brass,Jewelry
colorful tooled_leather leather_bag leather_belt juti,Leatherwork
miniature pattachitra,Painting
intricate traditional madhubani canvas,Painting
bamboo_lamp basket bamboo,BambooCane
gift juti leather_belt colorful,Leatherwork
teak wooden_toy sheesham traditional carved,Woodwork
bamboo cane,BambooCane
intricate gift madhubani pattachitra warli traditional,Painting
cane intricate bamboo,BambooCane
ceramic festive gift glazed colorful,Pottery
bangles traditional eco_friendly beadwork festive filigree earrings,Jewelry
leather_belt juti,Leatherwork
leather_belt gift juti traditional leather_bag,Leatherwork
gift sheesham teak wooden_toy,Woodwork
leather_belt leather_bag,Leatherwork
madhubani festive warli miniature,Painting
engraved_metal silver,Metalware
eco_friendly bangles brass earrings gift handmade,Jewelry
earrings silver festive eco_friendly beadwork filigree,Jewelry
traditional colorful intricate pattachitra miniature,Painting
juti leather_bag leather_belt tooled_leather,Leatherwork
gift juti leather_bag,Leatherwork
pattachitra traditional madhubani miniature canvas,Painting
bamboo_lamp intricate gift colorful bamboo cane,BambooCane
pattachitra miniature,Painting
leather_belt eco_friendly leather_bag tooled_leather intricate juti,Leatherwork
leather_bag traditional tooled_leather festive,Leatherwork
leather_bag tooled_leather juti leather_belt handmade,Leatherwork
leather_belt festive colorful juti tooled_leather eco_friendly,Leatherwork
bamboo_lamp eco_friendly traditional cane,BambooCane
cane bamboo_lamp basket bamboo,BambooCane
wooden_toy colorful handmade wooden_box,Woodwork
beadwork earrings traditional colorful,Jewelry
lamp bidri handmade carved silver,Metalware
gift silver filigree bangles,Jewelry
sheesham wooden_toy wooden_box traditional handmade colorful carved,Woodwork
beadwork brass earrings,Jewelry
intricate madhubani miniature,Painting
canvas madhubani warli miniature,Painting
pattachitra madhubani miniature handmade warli,Painting
necklace handmade earrings,Jewelry
bidri engraved_metal colorful festive,Metalware
intricate beadwork brass bangles,Jewelry
madhubani miniature warli,Painting
colorful sheesham intricate teak wooden_box carved festive,Woodwork
bamboo_lamp eco_friendly cane basket,BambooCane
juti tooled_leather gift leather_belt colorful,Leatherwork
beadwork traditional bangles silver,Jewelry
intricate traditional wool dupatta eco_friendly,Textile
eco_friendly lamp intricate engraved_metal,Metalware
beadwork intricate brass earrings gift colorful filigree,Jewelry
pattachitra traditional colorful canvas,Painting
sheesham wooden_toy teak carved handmade,Woodwork
sheesham wooden_box wooden_toy teak,Woodwork
festive handmade tooled_leather leather_belt juti,Leatherwork
intricate engraved_metal bidri brass,Metalware
cane festive basket colorful bamboo bamboo_lamp traditional,BambooCane
carved lamp copper traditional silver,Metalware
gift saree block_print wool dupatta,Textile
pot festive eco_friendly gift ceramic,Pottery
gift handmade sheesham carved wooden_box wooden_toy eco_friendly,Woodwork
festive gift colorful carved wooden_toy wooden_box,Woodwork
gift pot eco_friendly terracotta ceramic glazed,Pottery
sheesham carved eco_friendly wooden_box,Woodwork
basket cane bamboo bamboo_lamp,BambooCane
madhubani canvas handmade,Painting
brass eco_friendly lamp engraved_metal gift,Metalware
earrings bangles,Jewelry
bamboo traditional basket cane gift bamboo_lamp colorful,BambooCane
necklace earrings silver,Jewelry
bidri carved brass copper,Metalware
bamboo_lamp intricate gift cane eco_friendly,BambooCane
carved handmade teak wooden_toy,Woodwork
wooden_box carved intricate,Woodwork
handwoven embroidered wool,Textile
wooden_box carved wooden_toy,Woodwork
bamboo_lamp colorful bamboo,BambooCane
gift festive handpainted_pot pot ceramic,Pottery
filigree brass colorful eco_friendly necklace earrings traditional,Jewelry
silver bidri carved lamp,Metalware
silver festive engraved_metal colorful,Metalware
brass silver eco_friendly,Metalware
festive wooden_box teak handmade,Woodwork
traditional eco_friendly cotton saree handmade,Textile
block_print silk gift handmade saree eco_friendly,Textile
engraved_metal handmade bidri carved,Metalware
saree festive wool cotton,Textile
silver engraved_metal handmade colorful,Metalware
pot ceramic gift handpainted_pot,Pottery
leather_belt tooled_leather gift,Leatherwork
intricate ceramic handmade traditional pot,Pottery
handpainted_pot gift festive pot intricate,Pottery
glazed eco_friendly terracotta handpainted_pot,Pottery
eco_friendly glazed pot colorful gift,Pottery
earrings necklace gift silver brass,Jewelry
leather_bag handmade leather_belt juti tooled_leather,Leatherwork
miniature canvas traditional madhubani,Painting
eco_friendly silver brass carved,Metalware
eco_friendly leather_belt traditional tooled_leather juti leather_bag,Leatherwork
filigree gift brass festive handmade silver necklace,Jewelry
miniature canvas,Painting
tooled_leather leather_bag,Leatherwork
filigree earrings necklace silver,Jewelry
embroidered handwoven,Textile
colorful eco_friendly gift cotton block_print,Textile
warli pattachitra canvas madhubani,Painting
handmade silver gift lamp copper festive,Metalware
festive silver necklace earrings intricate brass,Jewelry
pot terracotta handpainted_pot,Pottery
intricate handwoven wool block_print colorful,Textile
teak carved,Woodwork
dupatta intricate traditional embroidered,Textile
carved gift teak wooden_toy colorful eco_friendly sheesham,Woodwork
intricate engraved_metal copper,Metalware
wooden_box handmade wooden_toy,Woodwork
festive pot colorful handpainted_pot traditional,Pottery
festive wooden_toy traditional carved sheesham eco_friendly wooden_box,Woodwork
handpainted_pot glazed eco_friendly pot gift,Pottery
brass engraved_metal copper eco_friendly carved gift,Metalware
festive traditional pattachitra madhubani eco_friendly canvas,Painting
juti leather_belt leather_bag traditional tooled_leather,Leatherwork
beadwork bangles silver brass,Jewelry
basket bamboo_lamp cane bamboo,BambooCane
sheesham carved,Woodwork
handmade terracotta gift glazed eco_friendly,Pottery
eco_friendly intricate carved festive lamp,Metalware
cotton colorful block_print wool embroidered,Textile
gift silk embroidered wool intricate cotton,Textile
basket intricate bamboo_lamp cane bamboo,BambooCane
sheesham carved wooden_box wooden_toy,Woodwork
terracotta ceramic handpainted_pot handmade,Pottery
teak wooden_box sheesham colorful carved,Woodwork
leather_bag colorful juti intricate,Leatherwork
canvas madhubani,Painting
colorful earrings traditional filigree,Jewelry
leather_belt handmade tooled_leather juti traditional,Leatherwork
engraved_metal lamp festive brass,Metalware
engraved_metal copper,Metalware
traditional tooled_leather leather_bag eco_friendly gift,Leatherwork
traditional bamboo_lamp cane intricate handmade,BambooCane
madhubani miniature gift festive,Painting
saree handwoven wool block_print,Textile
wool block_print cotton eco_friendly dupatta intricate,Textile
carved wooden_box teak sheesham traditional,Woodwork
beadwork brass gift silver bangles,Jewelry
traditional gift eco_friendly leather_belt tooled_leather,Leatherwork
tooled_leather juti leather_bag intricate handmade,Leatherwork
intricate basket traditional bamboo_lamp colorful cane,BambooCane
intricate juti leather_bag tooled_leather leather_belt,Leatherwork
wool saree,Textile
festive juti tooled_leather gift leather_belt leather_bag,Leatherwork
copper engraved_metal intricate carved,Metalware
beadwork intricate earrings colorful filigree,Jewelry
tooled_leather juti leather_bag,Leatherwork
carved wooden_toy wooden_box intricate colorful festive,Woodwork
pot glazed handmade,Pottery
wool block_print saree embroidered,Textile
glazed pot handmade ceramic gift terracotta,Pottery
silver beadwork brass earrings,Jewelry
handmade handpainted_pot glazed traditional ceramic,Pottery
pattachitra madhubani warli,Painting
saree block_print dupatta silk festive,Textile
wooden_toy eco_friendly colorful sheesham,Woodwork
cotton colorful handwoven,Textile
beadwork earrings,Jewelry
leather_bag juti eco_friendly tooled_leather,Leatherwork
warli canvas miniature,Painting
eco_friendly festive colorful leather_bag juti leather_belt,Leatherwork
teak sheesham wooden_box festive,Woodwork
colorful warli pattachitra canvas,Painting
colorful eco_friendly bamboo basket,BambooCane
beadwork bangles traditional handmade colorful,Jewelry
handmade bamboo basket gift bamboo_lamp intricate cane,BambooCane
wooden_toy wooden_box traditional,Woodwork
eco_friendly lamp intricate carved handmade brass,Metalware
colorful festive silk intricate block_print saree,Textile
traditional festive colorful lamp brass,Metalware
wooden_box teak sheesham,Woodwork
juti leather_belt traditional,Leatherwork
cane basket,BambooCane
colorful bangles earrings eco_friendly,Jewelry
carved copper lamp,Metalware
silver bangles filigree beadwork,Jewelry
handmade festive basket traditional bamboo_lamp,BambooCane
wooden_box carved eco_friendly,Woodwork
intricate handmade carved teak eco_friendly wooden_box,Woodwork
colorful pot traditional handpainted_pot,Pottery
block_print saree dupatta traditional cotton,Textile
traditional gift leather_belt eco_friendly tooled_leather,Leatherwork
traditional eco_friendly beadwork silver bangles,Jewelry
pattachitra colorful gift madhubani warli traditional,Painting
pot glazed gift,Pottery
carved engraved_metal copper festive silver,Metalware
canvas madhubani warli gift miniature colorful,Painting
festive glazed terracotta pot intricate ceramic,Pottery
sheesham teak intricate colorful wooden_toy wooden_box festive,Woodwork
tooled_leather juti eco_friendly,Leatherwork
gift tooled_leather colorful handmade leather_belt leather_bag,Leatherwork
intricate terracotta pot,Pottery
festive wooden_toy teak,Woodwork
intricate leather_bag juti leather_belt,Leatherwork
cane bamboo basket bamboo_lamp traditional eco_friendly intricate,BambooCane
saree wool handwoven silk,Textile
cane bamboo_lamp bamboo,BambooCane
carved wooden_toy wooden_box colorful,Woodwork
traditional warli miniature canvas madhubani,Painting
handmade intricate leather_bag colorful tooled_leather,Leatherwork
saree handwoven,Textile
leather_belt juti festive,Leatherwork
pot colorful handmade terracotta eco_friendly,Pottery
warli miniature,Painting
earrings beadwork brass necklace,Jewelry
handwoven silk eco_friendly block_print dupatta handmade,Textile
bamboo bamboo_lamp traditional,BambooCane
brass lamp,Metalware
handmade traditional gift cane basket,BambooCane
brass carved eco_friendly,Metalware
intricate colorful pattachitra warli festive,Painting
madhubani canvas miniature pattachitra eco_friendly,Painting
teak wooden_toy sheesham colorful,Woodwork
juti leather_belt colorful eco_friendly leather_bag tooled_leather traditional,Leatherwork
madhubani warli,Painting
